date,emp_id,issue_description
2025-08-05,473000,Failure to adhere to regulatory expectations resulted in a conflict of interest risk event impacting compliance obligations and audit outcomes.
2025-05-28,115017,Failure to adhere to regulatory expectations resulted in a client conduct risk event impacting compliance obligations and audit outcomes.
2025-04-09,189852,Employee oversight triggered a significant conflict of interest risk incident involving incorrect handling of sensitive data and operational disruption.
2025-10-23,317212,Failure to identify conflicting interests early led to a client conduct risk scenario requiring risk committee review.
2025-06-27,595317,Failure to identify conflicting interests early led to a client conduct risk scenario requiring risk committee review.
2025-05-31,108600,Failure to adhere to regulatory expectations resulted in a regulatory conduct risk event impacting compliance obligations and audit outcomes.
2025-07-26,379481,Employee oversight triggered a significant conflict of interest risk incident involving incorrect handling of sensitive data and operational disruption.
2025-04-18,192419,"Monitoring control weaknesses allowed a non financial regulatory reporting risk incident to escalate, necessitating remediation and control uplift."
2025-10-05,406240,Failure to adhere to regulatory expectations resulted in a regulatory conduct risk event impacting compliance obligations and audit outcomes.
2025-01-11,399534,"Monitoring control weaknesses allowed a market conduct risk incident to escalate, necessitating remediation and control uplift."
